[{"num":1,"size":3,"minMove":1,"ballPos":{"x":0,"y":16,"z":-16},"cupPos":{"x":16,"y":-48,"z":-16},"start":[0,1,0,4,0,0,0,0,0,0,0,0,0,10,0,0,1,0,0,0,0,0,0,0,0,0,0],"complete":[0,1,0,0,4,0,0,0,0,0,0,0,0,10,0,0,1,0,0,0,0,0,0,0,0,0,0],"message":"Click the bend. Then the arrow to slide it into place"},{"num":2,"size":3,"minMove":2,"ballPos":{"x":0,"y":16,"z":-32},"cupPos":{"x":32,"y":-48,"z":0},"start":[0,0,1,0,0,4,0,0,0,0,0,0,0,3,0,0,0,2,0,0,0,9,0,12,1,0,0],"complete":[0,0,1,0,0,4,0,0,0,0,0,0,0,0,2,0,0,0,0,0,0,9,3,12,1,0,0]},{"num":3,"size":3,"minMove":3,"ballPos":{"x":0,"y":16,"z":0},"cupPos":{"x":32,"y":-48,"z":-16},"start":[4,0,0,8,0,0,0,4,0,10,0,0,0,12,0,0,0,2,0,0,0,5,0,0,0,10,0],"complete":[4,0,0,0,8,0,0,4,0,10,0,0,5,12,0,0,2,0,0,0,0,0,0,0,0,10,0]},{"num":5,"size":3,"minMove":8,"ballPos":{"x":16,"y":16,"z":-16},"cupPos":{"x":16,"y":-48,"z":-32},"start":[14,3,13,0,3,0,0,0,0,0,6,0,8,0,4,5,0,11,0,10,0,15,0,12,0,0,0],"complete":[0,14,13,0,0,0,0,0,0,0,6,10,8,0,4,5,3,11,0,0,0,15,3,12,0,0,0]},{"num":6,"size":3,"minMove":8,"ballPos":{"x":0,"y":16,"z":-16},"cupPos":{"x":32,"y":-48,"z":-32},"start":[8,4,12,0,0,13,0,0,0,0,2,0,0,0,2,2,3,0,15,10,0,0,1,0,0,5,0],"complete":[8,4,0,5,3,13,0,0,0,2,2,0,0,0,2,0,0,0,15,12,0,0,0,10,0,0,1]},{"num":4,"size":3,"minMove":12,"ballPos":{"x":16,"y":16,"z":-16},"cupPos":{"x":16,"y":-48,"z":0},"start":[0,0,0,0,0,0,14,0,0,0,0,0,0,8,13,2,0,0,0,1,0,0,6,10,15,3,7],"complete":[0,0,0,0,14,13,0,0,0,0,1,0,0,6,2,8,0,0,0,0,0,0,0,10,15,3,7],"message":"Watch out the first and last pipes need moving."},{"num":7,"size":3,"minMove":17,"ballPos":{"x":16,"y":16,"z":-16},"cupPos":{"x":32,"y":-48,"z":-16},"start":[0,14,0,0,0,7,0,0,0,0,6,0,8,0,0,4,0,0,0,0,0,10,0,0,15,11,0],"complete":[0,0,0,0,0,0,0,0,0,14,7,0,0,8,0,0,4,0,15,11,0,0,6,0,0,10,0]},{"num":8,"size":3,"minMove":16,"ballPos":{"x":0,"y":16,"z":0},"cupPos":{"x":32,"y":-48,"z":0},"start":[5,13,0,9,13,0,1,0,0,9,12,0,5,12,0,0,0,3,0,0,0,0,0,0,0,0,3],"complete":[1,0,0,5,3,13,0,0,0,0,0,0,0,9,12,0,5,13,0,0,0,0,0,0,9,3,12]},{"num":9,"size":3,"minMove":18,"ballPos":{"x":32,"y":16,"z":-16},"cupPos":{"x":16,"y":-48,"z":-16},"start":[8,0,0,0,0,0,0,4,0,2,0,0,0,0,2,8,10,0,0,0,0,0,0,6,6,0,0],"complete":[0,8,0,0,4,0,0,0,0,0,2,0,0,2,0,0,8,0,0,6,0,0,10,0,0,6,0]},{"num":10,"size":3,"minMove":32,"ballPos":{"x":0,"y":16,"z":-16},"cupPos":{"x":32,"y":-48,"z":-32},"start":[14,3,11,0,14,7,0,0,0,2,15,13,0,10,0,0,4,13,6,0,0,0,0,0,15,10,0],"complete":[0,4,0,0,14,13,14,13,0,0,10,0,0,6,10,2,15,7,0,0,0,0,0,0,15,3,11]},{"num":11,"size":3,"minMove":8,"ballPos":{"x":0,"y":16,"z":-16},"cupPos":{"x":32,"y":-48,"z":0},"start":[0,1,0,0,4,0,14,13,0,0,9,12,0,2,0,0,0,0,0,0,0,6,12,0,9,0,0],"complete":[0,1,0,0,4,0,14,13,0,0,0,0,9,12,0,6,2,0,0,0,0,0,0,0,9,12,0]},{"num":12,"size":3,"minMove":8,"ballPos":{"x":0,"y":16,"z":-16},"cupPos":{"x":32,"y":-48,"z":-16},"start":[0,1,0,8,4,12,5,0,13,0,0,0,2,2,0,14,3,12,0,0,0,15,3,16,15,11,0],"complete":[0,1,0,8,4,0,5,3,13,0,0,0,2,2,0,14,3,12,0,0,0,15,12,0,15,11,0],"message":"You can't move a square block."},{"num":13,"size":3,"minMove":19,"ballPos":{"x":0,"y":16,"z":0},"cupPos":{"x":32,"y":-48,"z":0},"start":[0,4,0,0,0,0,0,3,13,3,12,0,1,0,0,5,0,10,0,0,0,0,0,0,9,0,0],"complete":[1,0,0,4,0,0,0,0,0,0,0,0,10,0,0,5,3,13,0,0,0,0,0,0,9,3,12]},{"num":14,"size":3,"minMove":8,"ballPos":{"x":0,"y":16,"z":-16},"cupPos":{"x":0,"y":-48,"z":0},"start":[1,8,0,16,5,13,8,0,7,0,0,0,2,0,0,15,0,0,0,0,0,15,0,12,0,0,0],"complete":[0,1,0,16,5,13,8,0,0,0,0,0,0,8,2,15,7,0,0,0,0,0,15,12,0,0,0]},{"num":15,"size":3,"minMove":6,"ballPos":{"x":0,"y":16,"z":-16},"cupPos":{"x":16,"y":-48,"z":0},"start":[0,1,0,14,7,8,0,14,7,2,0,0,15,16,12,9,2,0,0,0,0,0,3,0,0,12,0],"complete":[0,1,0,14,7,8,0,14,7,0,0,0,2,16,2,9,12,0,0,0,0,15,3,12,0,0,0]},{"num":16,"size":3,"minMove":30,"ballPos":{"x":0,"y":16,"z":-16},"cupPos":{"x":32,"y":-48,"z":-32},"start":[14,7,0,0,0,0,0,0,0,15,3,13,1,0,0,0,0,0,0,0,0,15,11,16,0,5,11],"complete":[0,1,0,0,5,11,14,3,7,0,0,0,0,0,0,15,13,0,0,0,0,0,0,16,0,15,11]},{"num":17,"size":3,"minMove":26,"ballPos":{"x":0,"y":16,"z":-16},"cupPos":{"x":16,"y":-48,"z":-16},"start":[0,0,1,0,14,7,0,0,0,9,7,0,3,16,0,0,8,0,0,0,0,0,2,0,15,12,0],"complete":[0,1,0,14,7,0,0,0,0,0,0,0,2,16,8,0,9,7,0,0,0,15,3,12,0,0,0]},{"num":18,"size":3,"minMove":27,"ballPos":{"x":16,"y":16,"z":-16},"cupPos":{"x":0,"y":-48,"z":-16},"start":[0,0,0,0,14,4,0,12,0,1,0,11,16,0,16,0,2,2,0,0,0,15,0,6,0,8,0],"complete":[0,0,0,0,14,11,0,8,4,0,1,0,16,6,16,0,2,2,0,0,0,0,0,0,0,15,12]},{"num":19,"size":3,"minMove":19,"ballPos":{"x":0,"y":16,"z":-16},"cupPos":{"x":32,"y":-48,"z":0},"start":[0,1,0,0,0,0,0,3,13,0,16,0,2,0,6,14,16,11,0,4,0,0,15,0,0,10,0],"complete":[0,1,0,0,4,0,14,3,13,0,16,0,0,15,11,2,16,6,0,0,0,0,0,0,10,0,0]},{"num":20,"size":3,"minMove":29,"ballPos":{"x":0,"y":16,"z":-16},"cupPos":{"x":16,"y":-48,"z":-16},"start":[4,0,0,0,0,13,16,0,16,0,2,0,9,16,0,2,5,0,0,4,0,10,12,0,0,16,10],"complete":[0,4,0,0,9,13,16,4,16,0,2,0,0,16,2,0,10,0,0,10,0,0,5,12,0,16,0]},{"num":21,"size":3,"minMove":15,"ballPos":{"x":16,"y":16,"z":-16},"cupPos":{"x":0,"y":-48,"z":0},"start":[14,0,13,14,0,16,0,0,2,0,6,0,6,13,13,0,0,8,10,0,12,16,15,0,15,9,7],"complete":[14,13,0,14,13,16,8,0,0,10,6,0,6,15,13,2,0,0,0,0,0,16,9,12,15,7,0]},{"num":22,"size":3,"minMove":22,"ballPos":{"x":0,"y":16,"z":0},"cupPos":{"x":32,"y":-48,"z":0},"start":[15,0,0,0,16,8,15,3,7,2,14,0,0,4,12,14,13,0,0,0,0,12,12,1,9,0,16],"complete":[1,0,0,4,16,8,14,3,7,0,0,0,2,14,12,15,13,0,0,0,0,15,12,0,9,12,16]},{"num":23,"size":3,"minMove":29,"ballPos":{"x":0,"y":16,"z":-16},"cupPos":{"x":16,"y":-48,"z":0},"start":[0,0,16,8,5,15,0,3,13,16,3,0,0,5,12,0,0,13,1,0,12,16,15,14,8,12,16],"complete":[0,1,16,8,5,13,5,3,13,16,0,0,15,3,12,8,14,12,0,0,0,16,0,0,15,12,16]},{"num":24,"size":3,"minMove":28,"ballPos":{"x":0,"y":16,"z":0},"cupPos":{"x":32,"y":-48,"z":-16},"start":[2,15,5,14,13,0,14,3,13,6,13,13,0,12,0,2,5,12,9,3,12,11,9,0,15,3,16],"complete":[5,13,0,14,3,13,14,3,13,0,15,13,2,9,12,2,5,12,9,3,12,6,0,0,15,11,16]},{"num":25,"size":3,"minMove":43,"ballPos":{"x":0,"y":16,"z":0},"cupPos":{"x":32,"y":-48,"z":0},"start":[15,3,13,8,0,8,4,0,0,0,15,2,15,3,13,16,5,13,5,3,12,9,3,12,2,0,12],"complete":[5,3,13,0,8,0,0,5,13,8,0,2,4,15,13,16,0,2,15,3,12,15,3,12,9,3,12]},{"num":26,"size":3,"minMove":19,"ballPos":{"x":0,"y":16,"z":0},"cupPos":{"x":16,"y":-48,"z":-16},"start":[8,13,16,9,13,0,16,0,4,15,3,13,5,12,0,0,14,0,0,15,12,15,12,16,4,16,10],"complete":[5,13,16,0,9,13,16,4,0,8,15,13,4,14,12,0,10,0,15,3,12,15,12,16,0,16,0]},{"num":27,"size":3,"minMove":28,"ballPos":{"x":16,"y":16,"z":-16},"cupPos":{"x":16,"y":-48,"z":-16},"start":[14,3,13,14,11,16,14,7,13,2,7,0,15,0,12,2,9,12,15,3,13,15,3,11,15,0,5],"complete":[14,3,13,14,11,16,14,7,0,2,5,12,15,13,0,2,9,13,15,3,11,0,15,7,15,3,12]},{"num":28,"size":3,"minMove":23,"ballPos":{"x":0,"y":16,"z":0},"cupPos":{"x":32,"y":-48,"z":-16},"start":[0,0,0,11,14,16,4,0,13,0,15,12,14,0,4,2,5,12,10,13,16,15,3,12,10,14,16],"complete":[4,14,13,14,11,16,0,5,13,15,12,10,2,0,4,0,14,12,0,0,16,15,3,12,0,10,16]},{"num":29,"size":3,"minMove":46,"ballPos":{"x":0,"y":16,"z":0},"cupPos":{"x":0,"y":-48,"z":0},"start":[14,3,11,2,11,5,0,4,8,2,14,16,15,0,4,0,13,0,15,12,2,16,12,12,15,13,15],"complete":[4,14,11,14,11,4,8,5,13,2,2,16,15,3,12,15,13,2,15,12,0,16,0,0,0,15,12]},{"num":30,"size":3,"minMove":20,"ballPos":{"x":0,"y":16,"z":0},"cupPos":{"x":32,"y":-48,"z":-32},"start":[14,5,13,8,14,13,16,14,13,15,12,8,4,2,6,15,12,2,12,0,0,15,3,10,12,0,2],"complete":[5,13,0,0,14,13,16,14,13,14,12,8,8,2,6,4,2,2,15,3,12,15,12,0,15,12,10]},{"num":31,"size":4,"minMove":66,"ballPos":{"x":32,"y":16,"z":-32},"cupPos":{"x":32,"y":-64,"z":-16},"start":[14,3,13,0,9,13,0,0,5,3,3,13,0,0,0,0,2,14,12,0,14,12,0,10,0,0,0,6,0,14,3,13,2,0,0,0,15,3,10,0,0,0,4,0,14,12,0,2,15,3,12,9,0,0,0,7,0,0,0,13,15,3,3,12],"complete":[0,0,0,0,9,13,0,0,5,3,3,13,0,14,3,13,0,14,3,13,14,12,0,0,0,0,0,10,14,12,0,6,14,12,4,2,2,0,0,0,0,0,0,0,2,9,13,0,15,3,12,10,15,3,3,7,0,0,0,0,15,3,12,0]},{"num":32,"size":4,"minMove":43,"ballPos":{"x":0,"y":16,"z":0},"cupPos":{"x":48,"y":-64,"z":-16},"start":[0,0,14,13,0,0,3,13,0,0,0,13,14,3,3,13,14,3,12,2,0,14,0,2,0,14,13,0,2,0,0,2,2,14,3,12,12,16,0,2,0,2,2,0,15,0,0,2,15,15,3,11,15,11,0,6,4,6,15,11,16,10,0,6],"complete":[4,0,14,13,0,14,3,13,0,0,0,0,14,3,3,13,15,3,12,2,14,12,0,2,0,14,13,0,2,0,0,2,0,14,3,12,2,16,0,2,0,2,2,0,15,13,0,2,0,15,3,11,15,11,0,6,0,6,15,11,16,10,0,6]},{"num":33,"size":4,"minMove":58,"ballPos":{"x":0,"y":16,"z":0},"cupPos":{"x":16,"y":-64,"z":-16},"start":[5,3,13,0,0,0,14,13,0,14,3,13,0,3,0,0,2,0,2,0,14,3,12,10,0,2,0,6,0,14,11,0,2,14,12,0,2,14,3,13,14,12,0,0,0,2,0,4,15,12,9,0,15,12,2,12,15,3,3,11,15,0,3,7],"complete":[4,0,0,0,0,0,14,13,0,14,3,13,0,0,0,0,2,14,3,13,14,3,12,10,0,2,0,6,14,11,0,0,2,2,0,2,2,14,3,13,14,12,0,0,2,0,0,0,15,12,9,12,15,12,5,12,15,3,3,11,15,3,3,7]},{"num":34,"size":4,"minMove":62,"ballPos":{"x":0,"y":16,"z":0},"cupPos":{"x":16,"y":-64,"z":-32},"start":[0,0,0,0,16,16,16,16,14,3,13,0,2,0,0,0,2,0,0,2,16,16,16,16,0,0,0,4,0,0,11,0,0,0,0,10,16,16,16,16,2,0,16,3,7,16,16,0,15,0,0,0,16,16,16,3,15,3,3,1,0,0,1,0],"complete":[4,0,0,0,16,16,16,16,14,3,13,0,0,0,0,0,2,0,0,0,16,16,16,16,2,0,10,0,0,0,1,0,2,0,0,0,16,16,16,16,2,0,16,0,0,16,16,0,15,3,3,11,16,16,16,1,15,3,3,7,0,0,0,0]},{"num":35,"size":4,"minMove":51,"ballPos":{"x":0,"y":16,"z":0},"cupPos":{"x":16,"y":-64,"z":0},"start":[1,16,0,0,5,3,3,10,2,14,3,13,0,0,14,13,16,16,0,0,4,3,3,13,0,0,0,2,0,14,3,12,0,0,0,2,15,16,16,0,2,0,16,10,0,2,16,4,9,3,3,12,15,0,0,0,12,0,0,3,0,0,12,0],"complete":[1,16,0,0,4,0,0,0,0,14,3,13,14,3,3,13,16,16,0,0,15,3,3,13,0,2,0,2,10,14,3,12,0,0,0,0,0,16,16,2,0,2,16,10,0,2,16,4,0,0,0,0,9,3,3,12,5,12,0,0,0,15,3,12]},{"num":36,"size":4,"minMove":25,"ballPos":{"x":16,"y":16,"z":-16},"cupPos":{"x":16,"y":-64,"z":-16},"start":[2,3,3,13,14,14,3,13,0,14,0,0,3,0,0,0,4,13,0,10,16,2,4,2,2,9,14,12,14,3,13,13,2,15,3,13,8,15,12,2,4,2,2,11,2,3,12,2,15,3,3,12,15,3,3,12,15,12,15,6,15,16,0,2],"complete":[14,3,13,0,0,14,3,13,0,14,3,13,14,3,3,13,2,4,10,0,16,2,4,2,0,2,14,12,2,9,13,2,2,15,3,13,8,15,12,2,4,2,2,0,15,3,12,2,15,3,3,12,15,3,3,12,15,12,15,11,0,16,0,6]},{"num":37,"size":4,"minMove":49,"ballPos":{"x":32,"y":16,"z":-16},"cupPos":{"x":32,"y":-64,"z":0},"start":[16,0,3,13,16,14,9,13,13,4,3,11,14,14,14,7,14,12,14,12,14,3,0,12,0,12,2,16,14,2,15,13,2,4,15,13,2,12,14,0,15,13,15,13,2,2,14,12,15,3,12,10,15,0,13,7,10,3,0,12,15,15,15,12],"complete":[16,14,3,13,16,9,3,13,0,4,14,11,14,13,14,7,14,12,14,12,14,3,3,12,14,12,2,16,2,2,15,13,2,4,15,13,2,14,13,0,15,13,15,13,10,2,14,12,15,12,0,10,15,12,15,7,0,15,3,12,0,15,12,0]},{"num":38,"size":4,"minMove":54,"ballPos":{"x":0,"y":16,"z":0},"cupPos":{"x":0,"y":-64,"z":-16},"start":[15,12,16,0,16,14,2,13,14,12,3,13,0,8,14,13,14,13,14,13,0,4,3,8,0,14,0,6,16,2,2,2,15,15,2,2,0,13,0,2,2,14,0,0,14,12,0,2,15,3,12,10,16,0,12,15,15,12,7,11,15,3,12,6],"complete":[4,0,16,0,16,14,13,0,0,14,3,13,0,8,14,13,15,13,14,13,14,12,2,8,14,12,0,6,16,2,2,2,0,2,2,2,15,13,15,12,2,14,3,11,14,12,2,6,0,15,12,10,16,15,3,7,15,12,0,0,15,3,12,0]},{"num":39,"size":4,"minMove":71,"ballPos":{"x":16,"y":16,"z":0},"cupPos":{"x":32,"y":-64,"z":0},"start":[2,0,0,2,16,14,2,16,2,13,13,13,14,13,14,13,6,0,0,0,16,16,16,16,2,2,14,2,16,14,0,2,16,2,0,0,9,0,2,10,2,3,2,12,14,0,12,2,15,3,12,16,5,15,3,4,10,12,12,12,9,5,3,12],"complete":[14,13,14,13,16,0,0,16,14,13,14,13,0,14,3,13,6,2,2,2,16,16,16,16,2,2,2,2,16,2,0,2,16,2,2,10,0,0,0,4,2,15,12,2,9,12,14,12,0,15,12,16,0,9,3,12,10,5,3,12,5,3,12,0]},{"num":40,"size":4,"minMove":66,"ballPos":{"x":16,"y":16,"z":0},"cupPos":{"x":16,"y":-64,"z":-16},"start":[16,0,13,2,0,14,12,16,14,3,2,16,0,16,8,7,8,0,16,2,3,16,0,16,2,0,0,8,0,0,0,4,16,0,16,12,0,16,2,16,2,14,3,12,0,14,0,2,0,16,6,9,0,5,3,16,12,15,12,16,0,15,3,12],"complete":[16,14,3,13,0,0,8,16,14,3,7,16,0,16,0,0,5,12,16,2,0,16,2,16,2,0,0,8,0,8,0,4,16,0,16,2,0,16,2,16,2,14,3,12,14,12,0,2,0,16,9,12,0,0,6,16,15,12,0,16,15,3,3,12]},{"num":41,"size":4,"minMove":49,"ballPos":{"x":48,"y":16,"z":-32},"cupPos":{"x":16,"y":-64,"z":-16},"start":[9,3,3,13,4,14,14,13,8,16,3,13,5,3,0,12,14,0,12,16,12,3,12,13,15,3,0,2,16,8,0,14,2,14,13,3,14,0,3,2,15,0,16,0,14,12,2,16,15,15,12,2,11,3,12,5,5,3,12,0,15,3,12,12],"complete":[9,3,13,0,4,14,3,13,8,16,14,13,5,3,3,13,14,3,12,16,15,12,0,2,15,3,12,2,16,8,14,12,2,14,3,13,14,3,3,12,0,0,16,2,14,12,2,16,15,12,5,12,15,11,0,0,0,5,3,12,15,3,12,0]},{"num":42,"size":4,"minMove":61,"ballPos":{"x":48,"y":16,"z":-48},"cupPos":{"x":0,"y":-64,"z":-32},"start":[14,13,3,13,2,15,14,3,14,13,13,13,2,14,3,11,14,15,2,15,0,13,15,2,2,15,15,3,15,3,7,11,8,13,0,13,4,0,10,14,2,0,3,13,0,15,0,13,15,3,12,6,15,12,0,12,14,5,12,0,15,12,3,12],"complete":[14,3,13,0,14,3,13,0,14,13,0,0,14,3,11,0,15,13,15,13,15,13,15,13,2,15,3,11,2,14,3,7,8,15,13,2,4,2,14,12,2,14,3,13,2,15,13,0,15,3,12,6,15,12,10,0,15,12,5,12,15,3,12,0]},{"num":43,"size":4,"minMove":83,"ballPos":{"x":32,"y":16,"z":-32},"cupPos":{"x":48,"y":-64,"z":-32},"start":[0,16,16,16,16,14,13,0,16,16,16,0,1,4,14,13,12,16,16,16,8,2,2,0,1,16,16,15,14,2,15,13,16,16,15,16,2,2,2,0,16,16,16,0,2,9,16,0,16,16,16,16,15,12,12,0,0,16,16,4,12,2,12,0],"complete":[0,16,16,16,16,0,14,13,16,16,16,0,0,14,13,0,0,16,16,16,8,14,12,2,1,16,16,0,4,2,15,13,16,16,1,16,2,2,4,2,16,16,16,0,2,2,16,2,16,16,16,16,15,12,15,12,0,16,16,0,15,12,9,12]},{"num":44,"size":4,"minMove":39,"ballPos":{"x":32,"y":16,"z":0},"cupPos":{"x":0,"y":-64,"z":-48},"start":[0,0,0,8,16,0,14,7,14,3,3,13,14,13,0,0,16,14,13,2,4,8,15,0,2,5,15,12,14,12,0,0,2,2,15,12,3,12,3,13,0,0,0,12,2,0,8,16,15,12,3,16,15,11,15,2,0,4,0,16,15,3,12,0],"complete":[0,0,0,8,16,0,14,7,14,3,3,13,0,14,13,8,16,14,13,2,0,8,15,13,2,5,3,12,14,12,15,12,4,2,15,12,0,2,0,2,15,3,11,0,2,0,4,16,15,12,0,16,0,15,3,12,0,0,0,16,15,3,12,0]},{"num":45,"size":4,"minMove":50,"ballPos":{"x":0,"y":16,"z":0},"cupPos":{"x":0,"y":-64,"z":-48},"start":[1,0,16,0,4,0,0,0,16,0,0,16,14,3,3,11,0,16,0,16,15,3,3,13,0,0,16,0,2,14,3,13,16,16,16,0,14,3,3,12,0,16,16,16,15,12,14,12,0,0,0,16,15,11,0,0,0,1,0,0,16,5,12,16],"complete":[1,0,16,0,4,0,0,0,16,0,0,16,14,3,3,11,0,16,0,16,15,3,3,13,0,0,16,0,2,14,3,13,16,16,16,0,14,3,3,12,0,16,16,16,15,12,14,12,0,0,0,16,15,11,0,0,0,1,0,0,16,5,12,16]},{"num":46,"size":4,"minMove":49,"ballPos":{"x":0,"y":16,"z":0},"cupPos":{"x":16,"y":-64,"z":-48},"start":[0,14,3,13,9,5,3,13,16,3,3,13,14,13,0,0,4,15,13,2,9,3,3,12,0,2,2,2,6,2,0,0,2,0,10,0,14,3,7,2,0,0,0,2,0,2,0,8,15,3,3,12,16,0,0,16,15,3,3,12,0,16,15,12],"complete":[4,14,3,13,0,9,3,13,16,5,3,13,14,3,13,0,2,15,13,2,14,3,3,12,0,0,0,2,2,0,2,8,2,0,10,2,15,3,7,0,9,3,3,12,6,0,2,2,15,3,3,12,16,0,0,16,0,0,0,0,0,16,15,12]},{"num":47,"size":4,"minMove":32,"ballPos":{"x":0,"y":16,"z":0},"cupPos":{"x":16,"y":-64,"z":0},"start":[0,14,3,13,9,3,14,13,0,14,14,13,9,3,3,13,0,4,12,14,15,12,0,12,5,12,14,12,12,14,14,12,9,15,13,12,5,13,15,15,9,0,0,13,5,0,15,13,15,13,3,12,15,3,12,13,15,13,3,12,15,13,3,12],"complete":[4,14,3,13,0,14,3,13,0,14,3,13,0,14,3,13,15,12,14,12,9,12,14,12,5,12,14,12,9,12,14,12,9,13,15,13,5,13,15,13,9,13,15,13,5,13,15,13,0,15,3,12,0,15,3,12,0,15,3,12,0,15,3,12]},{"num":48,"size":4,"minMove":84,"ballPos":{"x":16,"y":16,"z":-32},"cupPos":{"x":0,"y":-64,"z":-48},"start":[13,2,14,13,14,14,13,0,14,16,3,13,3,14,9,7,0,3,2,12,2,0,0,2,14,12,13,4,2,0,2,0,14,2,12,2,2,0,15,11,2,0,15,3,15,2,3,12,0,15,3,11,15,6,3,3,15,12,3,7,15,3,12,8],"complete":[14,13,14,13,0,14,13,0,0,16,9,13,14,3,7,8,2,2,6,2,0,2,2,0,14,3,3,12,2,14,13,2,2,15,3,12,14,12,15,11,2,0,0,4,15,12,2,2,15,3,3,11,15,3,3,7,15,3,3,12,0,0,15,12]},{"num":49,"size":4,"minMove":44,"ballPos":{"x":48,"y":16,"z":0},"cupPos":{"x":0,"y":-64,"z":0},"start":[16,16,0,0,16,0,13,3,14,0,13,0,0,14,0,13,2,12,14,0,14,12,6,0,0,0,0,0,9,2,16,0,15,14,16,0,0,16,0,2,16,2,16,8,14,12,16,12,3,6,16,11,0,0,6,16,9,12,16,12,6,16,16,14],"complete":[16,16,0,0,16,14,13,0,0,14,3,13,9,13,0,0,0,14,11,0,14,12,6,8,0,2,0,6,0,2,16,0,14,12,16,0,2,16,14,12,16,2,16,0,14,12,16,0,6,0,16,0,15,3,12,16,9,12,16,0,6,16,16,0]},{"num":50,"size":4,"minMove":63,"ballPos":{"x":0,"y":16,"z":0},"cupPos":{"x":16,"y":-64,"z":-16},"start":[0,13,5,13,14,3,0,16,14,13,16,13,2,14,16,16,16,16,16,3,2,16,3,13,15,15,3,12,2,10,16,13,2,0,0,13,15,12,0,11,2,0,4,2,15,13,9,5,15,14,3,16,0,16,11,12,15,0,5,16,15,12,3,12],"complete":[5,3,3,13,14,3,13,16,14,13,16,0,14,13,16,16,16,16,16,2,2,16,15,13,2,15,3,13,2,10,16,0,0,14,3,12,15,11,0,2,2,4,9,12,15,13,5,13,0,15,11,16,0,16,5,12,15,12,0,16,0,15,3,12]}]